City,Lat,Lng,Max_temp,Humidity,Cloudiness,Windspeed,Country,Date
albany,42.6001,-73.9662,-11.25,62,26,3.57,US,1644894018
clyde river,70.4692,-68.5914,-29.44,94,100,1.61,CA,1644894087
urucara,-2.5364,-57.76,22.74,98,100,0.94,BR,1644894087
bluff,-46.6,168.3333,21.56,61,80,3.05,NZ,1644894087
saskylakh,71.9167,114.0833,-29.32,87,75,0.54,RU,1644894087
bredasdorp,-34.5322,20.0403,20.16,88,42,1.97,ZA,1644894088
castro,-24.7911,-50.0119,17.5,89,63,1.64,BR,1644894088
dikson,73.5069,80.5464,-21.99,91,100,7.02,RU,1644894089
muroto,33.2833,134.15,12.41,54,16,8.67,JP,1644894089
rikitea,-23.1203,-134.9692,25.89,69,61,4.62,PF,1644894090
chimbote,-9.0853,-78.5783,21.73,81,45,3.49,PE,1644893894
kawalu,-7.3817,108.2082,25.06,79,99,1.09,ID,1644894090
victoria,22.2855,114.1577,18.47,82,85,4.47,HK,1644893825
ushuaia,-54.8,-68.3,4.39,97,91,2.46,AR,1644894090
salalah,17.0151,54.0924,18.48,36,34,5.02,OM,1644894091
saint-philippe,-21.3585,55.7679,26.77,86,69,5.39,RE,1644894091
ilulissat,69.2167,-51.1,-15.99,78,100,1.54,GL,1644894092
punta arenas,-53.15,-70.9167,8.95,70,100,6.87,CL,1644894092
hilo,19.7297,-155.09,24.58,76,34,1.77,US,1644893935
mataura,-46.1927,168.8643,21.38,30,93,0.51,NZ,1644894092
yertsevo,60.7966,40.086,-2.25,97,100,3.22,RU,1644894093
lebu,-37.6167,-73.65,13.19,95,6,3.17,CL,1644894093
nemuro,43.3236,145.575,-5.38,67,80,4.98,JP,1644894094
busselton,-33.65,115.3333,32.25,45,0,2.67,AU,1644894094
baykit,61.67,96.37,-25.55,97,48,1.18,RU,1644894094
emerald,-23.5333,148.1667,31.86,41,34,6.68,AU,1644894095
hermanus,-34.4187,19.2345,25.5,78,80,2.15,ZA,1644894095
esperance,-33.8667,121.9,23.28,59,1,6.09,AU,1644894096
chuy,-33.6971,-53.4616,17.02,78,0,1.67,UY,1644894096
korla,41.7597,86.1469,0.44,44,100,3.11,CN,1644894029
inuvik,68.3499,-133.7218,-34.99,100,89,1.92,CA,1644894097
altamira,-3.2033,-52.2064,22.0,98,91,0.75,BR,1644894097
pak phanang,8.3511,100.202,30.02,77,86,6.9,TH,1644894097
severo-kurilsk,50.6789,156.125,-2.16,80,100,5.3,RU,1644894098
tasiilaq,65.6145,-37.6368,-1.91,89,100,22.03,GL,1644894098
mayo,38.8876,-76.5119,-2.01,52,0,4.12,US,1644894099
thinadhoo,0.5333,72.9333,27.55,74,100,3.47,MV,1644894099
alofi,-19.0595,-169.9187,26.84,70,98,4.19,NU,1644894099
mar del plata,-38.0023,-57.5575,20.61,78,0,0.45,AR,1644894009
atuona,-9.8,-139.0333,25.67,73,2,6.45,PF,1644894100
hithadhoo,-0.6,73.0833,27.76,71,85,4.69,MV,1644894104
sanjwal,33.7608,72.4336,11.64,58,45,1.18,PK,1644894104
aksum,14.1245,38.7244,12.8,69,0,0.73,ET,1644894108
pacific grove,36.6177,-121.9166,11.98,87,45,6.26,US,1644894108
avarua,-21.2078,-159.775,27.03,78,100,2.57,CK,1644894035
provideniya,64.3833,-173.3,-17.94,65,0,10.0,RU,1644894109
plaster rock,46.9065,-67.39,-18.29,90,98,3.72,CA,1644894109
mahebourg,-20.4081,57.7,27.36,84,19,4.63,MU,1644894109
carnarvon,-24.8667,113.6333,31.87,55,4,4.71,AU,1644894110
puerto ayora,-0.7393,-90.3518,24.75,96,68,2.24,EC,1644894110
datong,40.0936,113.2914,-9.56,66,10,1.24,CN,1644894012
chokurdakh,70.6333,147.9167,-31.68,99,75,2.54,RU,1644894111
trinidad,-14.8333,-64.9,23.91,86,92,0.99,BO,1644894111
temerloh,3.4483,102.4176,28.72,72,56,0.68,MY,1644894112
torbay,47.6666,-52.7314,-3.57,93,100,10.73,CA,1644894112
apodi,-5.6642,-37.7989,26.22,69,19,4.08,BR,1644894112
udachnyy,66.4167,112.4,-24.2,83,37,1.66,RU,1644894113
porto san giorgio,43.1827,13.7934,11.77,85,98,1.95,IT,1644894113
kaitangata,-46.2817,169.8464,18.29,73,65,2.5,NZ,1644894113
fonte boa,-2.4959,-66.2662,21.89,99,100,0.96,BR,1644894114
comodoro rivadavia,-45.8667,-67.5,21.29,45,82,11.62,AR,1644894094
marovoay,-16.1,46.6333,24.08,93,96,0.64,MG,1644894114
alvorada,-12.48,-49.1247,21.78,91,50,0.8,BR,1644894115
batagay-alyta,67.8006,130.4114,-23.5,77,0,1.31,RU,1644894115
cidreira,-30.1811,-50.2056,19.71,72,0,1.97,BR,1644894116
arraial do cabo,-22.9661,-42.0278,24.02,94,7,5.38,BR,1644894116
arnoldstein,46.5461,13.71,4.62,96,97,1.33,AT,1644894117
luanda,-8.8368,13.2343,24.31,86,100,1.95,AO,1644894014
bambous virieux,-20.3428,57.7575,27.34,85,25,4.53,MU,1644894117
namatanai,-3.6667,152.4333,28.96,74,87,0.81,PG,1644894117
saldanha,-33.0117,17.9442,19.71,78,52,2.5,ZA,1644894118
bethel,41.3712,-73.414,-6.8,50,5,3.89,US,1644894118
puerto escondido,15.85,-97.0667,25.0,70,81,2.18,MX,1644894119
falkenberg,56.9055,12.4912,7.46,81,82,8.42,SE,1644894119
san patricio,28.017,-97.5169,13.8,67,0,3.27,US,1644894119
husavik,66.0449,-17.3389,0.62,75,100,13.29,IS,1644894120
georgetown,5.4112,100.3354,28.96,86,20,2.24,MY,1644893986
longyearbyen,78.2186,15.6401,-9.09,73,75,1.54,SJ,1644894120
deputatskiy,69.3,139.9,-28.09,90,6,2.07,RU,1644894120
faanui,-16.4833,-151.75,27.15,76,100,7.5,PF,1644894121
kapaa,22.0752,-159.319,24.99,68,24,1.34,US,1644894121
asilah,35.465,-6.0348,7.98,71,0,2.48,MA,1644894122
port alfred,-33.5906,26.891,21.08,84,72,10.9,ZA,1644894122
ribeira grande,38.5167,-28.7,16.14,82,58,5.62,PT,1644894122
ketchikan,55.3422,-131.6461,4.28,85,76,3.26,US,1644894123
padang,-0.9492,100.3543,29.03,56,64,0.95,ID,1644893951
zurrieq,35.8311,14.4742,13.87,88,20,5.14,MT,1644894123
katangli,51.7102,143.2326,-14.52,82,96,4.82,RU,1644894123
butaritari,3.0707,172.7902,28.21,71,74,6.9,KI,1644894124
cap malheureux,-19.9842,57.6142,27.48,77,15,2.24,MU,1644894124
akalkot,17.5333,76.2167,23.16,44,80,3.11,IN,1644894124
tiksi,71.6872,128.8694,-25.17,89,34,0.6,RU,1644894125
geraldton,-28.7667,114.6,36.23,34,2,5.66,AU,1644894125
salihorsk,52.7876,27.5415,-2.53,86,6,4.3,BY,1644893831
hobart,-42.8794,147.3294,25.12,48,40,4.63,AU,1644894126
ponta do sol,32.6667,-17.1,16.14,71,63,3.69,PT,1644894126
qaanaaq,77.484,-69.3632,-21.12,98,100,2.95,GL,1644894126
morondava,-20.2833,44.2833,25.93,88,56,2.68,MG,1644894127
kirakira,-10.4544,161.9205,29.92,69,95,3.41,SB,1644894127
mossendjo,-2.9506,12.7261,20.46,100,100,0.74,CG,1644894128
caetes,-8.7731,-36.6225,19.9,87,100,4.55,BR,1644894128
itarema,-2.9248,-39.9167,26.52,78,18,6.16,BR,1644894128
yar-sale,66.8333,70.8333,-31.05,100,100,2.88,RU,1644894129
pisco,-13.7,-76.2167,19.45,89,18,0.35,PE,1644894129
marysville,48.0518,-122.1771,8.41,92,100,1.54,US,1644893967
billings,45.7833,-108.5007,6.95,42,97,1.23,US,1644893957
tilichiki,60.4667,166.1,-24.9,87,46,5.13,RU,1644894130
sarangani,5.4033,125.4636,27.57,76,81,6.92,PH,1644894130
wanning,18.8003,110.3967,20.84,87,100,4.77,CN,1644894130
jamestown,42.097,-79.2353,-11.38,72,100,4.12,US,1644894131
beyneu,45.3167,55.2,-2.04,78,2,1.65,KZ,1644894131
narsaq,60.9167,-46.05,-21.76,80,7,2.36,GL,1644894131
bathsheba,13.2167,-59.5167,25.36,75,14,8.31,BB,1644894068
tuktoyaktuk,69.4541,-133.0374,-31.71,100,99,3.5,CA,1644894132
chiang klang,19.2938,100.8617,25.8,57,21,1.31,TH,1644894132
vila velha,-20.3297,-40.2925,26.08,89,0,5.14,BR,1644893685
kangaatsiaq,68.3065,-53.4641,-22.69,93,100,0.75,GL,1644894133
chemal,51.4111,86.005,-8.47,82,54,3.36,RU,1644894133
dolores,-36.3132,-57.6792,18.94,53,0,2.55,AR,1644894001
norman wells,65.282,-126.8329,-34.4,100,63,1.27,CA,1644894133
faya,18.3851,42.4509,10.74,61,0,0.83,SA,1644894134
nefteyugansk,61.0998,72.6035,-25.48,100,100,1.95,RU,1644893880
moose factory,51.2585,-80.6094,-23.61,91,100,2.65,CA,1644894134
constitucion,-35.3333,-72.4167,13.33,91,0,0.88,CL,1644894135
san rafael,-34.6177,-68.3301,25.61,27,0,2.24,AR,1644894135
taoudenni,22.6783,-3.9836,16.01,25,99,4.64,ML,1644894136
general pico,-35.6566,-63.7568,21.52,56,0,4.55,AR,1644894136
fort nelson,58.8053,-122.7002,-17.23,71,75,4.63,CA,1644894136
stanger,-29.3282,31.2895,21.62,88,100,0.53,ZA,1644894137
adre,13.4667,22.2,18.5,13,17,5.57,TD,1644894137
richards bay,-28.783,32.0377,23.25,72,100,2.3,ZA,1644894137
riohacha,11.5444,-72.9072,24.1,76,4,5.12,CO,1644894138
boa vista,2.8197,-60.6733,27.99,65,75,3.09,BR,1644894138
mount gambier,-37.8333,140.7667,25.38,36,45,4.85,AU,1644894139
ostrovnoy,68.0531,39.5131,-3.5,80,83,14.96,RU,1644894139
olinda,-8.0089,-34.8553,26.61,75,21,3.97,BR,1644894139
stara vyzhivka,51.4376,24.44,-0.99,79,44,4.66,UA,1644894140
upernavik,72.7868,-56.1549,-29.49,91,97,2.15,GL,1644894140
shenzhen,22.5455,114.0683,19.36,86,79,1.68,CN,1644894066
avera,33.194,-82.5271,8.07,50,1,2.45,US,1644894141
vaini,-21.2,-175.2,27.03,70,63,6.85,TO,1644894141
saint-augustin,51.226,-58.6502,-19.94,88,100,3.61,CA,1644894142
tabou,4.423,-7.3528,25.15,88,47,2.08,CI,1644894142
grand gaube,-20.0064,57.6608,27.43,77,16,2.24,MU,1644894142
praia da vitoria,38.7333,-27.0667,15.98,88,72,4.46,PT,1644894143
gaoual,11.75,-13.2,21.93,21,13,0.11,GN,1644894143
vardo,70.3705,31.1107,-1.74,87,91,20.34,NO,1644894143
turayf,31.6725,38.6637,5.48,83,14,0.72,SA,1644894144
new norfolk,-42.7826,147.0587,24.93,31,25,2.17,AU,1644894144
la reforma,25.0833,-108.05,21.16,68,0,1.89,MX,1644894144
aitape,-3.1374,142.3475,26.54,84,100,1.71,PG,1644894145
arman,59.7,150.1667,-13.65,73,100,5.05,RU,1644894145
gladstone,-23.85,151.25,28.77,65,75,7.2,AU,1644894023
tokur,53.1333,132.9,-15.57,87,99,1.53,RU,1644894145
bengkulu,-3.8004,102.2655,28.77,62,8,1.05,ID,1644894146
maine-soroa,13.2114,12.0241,19.89,12,0,4.65,NE,1644894146
khakurinokhabl,45.0201,40.2291,-1.05,75,23,4.04,RU,1644894146
hami,42.8,93.45,-0.72,34,100,1.16,CN,1644894147
ucluelet,48.9329,-125.5528,6.16,87,7,0.83,CA,1644894053
touros,-5.1989,-35.4608,26.64,75,1,5.52,BR,1644894147
poum,-20.2333,164.0167,28.15,74,96,2.6,NC,1644894148
posse,-14.0931,-46.3694,20.2,88,18,1.19,BR,1644894148
east london,-33.0153,27.9116,21.25,82,94,8.85,ZA,1644894026
barrow,71.2906,-156.7887,-36.99,100,20,4.63,US,1644894148
sioux lookout,50.1001,-91.917,-18.79,84,20,0.0,CA,1644893973
klaksvik,62.2266,-6.589,2.51,64,100,14.05,FO,1644894149
cabo san lucas,22.8909,-109.9124,22.56,59,0,2.29,MX,1644894002
yellowknife,62.456,-114.3525,-19.44,99,100,2.64,CA,1644894149
los llanos de aridane,28.6585,-17.9182,15.07,74,100,4.63,ES,1644894150
kruisfontein,-34.0033,24.7314,15.84,93,1,2.88,ZA,1644894150
renqiu,38.6989,116.0936,-3.83,27,96,2.2,CN,1644894150
auki,-8.7676,160.7034,30.54,65,71,0.69,SB,1644894151
ahipara,-35.1667,173.1667,21.41,57,20,3.76,NZ,1644894151
halifax,44.6453,-63.5724,-9.88,85,100,5.66,CA,1644893911
podosinovets,60.2776,47.0659,-3.57,95,100,3.59,RU,1644894152
cervo,43.6702,-7.4101,5.66,85,100,4.77,ES,1644894152
mananara,-16.1667,49.7667,24.1,90,96,3.3,MG,1644894152
sungaipenuh,-2.0833,101.3833,26.1,49,14,1.46,ID,1644894153
sibu,2.3,111.8167,23.55,97,100,0.96,MY,1644894153
beohari,24.05,81.3833,16.96,31,0,1.16,IN,1644894153
kavaratti,10.5669,72.642,26.92,71,5,2.16,IN,1644894154
cape town,-33.9258,18.4232,23.23,69,0,2.57,ZA,1644893944
aktau,43.65,51.2,-5.68,66,99,4.18,KZ,1644894154
kysyl-syr,63.8986,122.7617,-29.1,96,72,1.8,RU,1644894154
suntar,62.1444,117.6319,-22.05,94,93,0.39,RU,1644894155
port macquarie,-31.4333,152.9167,25.5,56,100,4.35,AU,1644894155
kenai,60.5544,-151.2583,-2.76,95,100,8.23,US,1644894155
tuatapere,-46.1333,167.6833,21.57,42,68,2.12,NZ,1644894156
zaragoza,41.6561,-0.8773,7.79,60,40,7.72,ES,1644893885
kanalia,39.5,22.8833,3.76,87,13,0.83,GR,1644894156
sulya,12.5667,75.3833,24.02,57,6,0.75,IN,1644894157
palaikastron,35.2,26.25,11.53,71,12,6.61,GR,1644894157
walvis bay,-22.9575,14.5053,23.38,82,23,2.43,NA,1644894157
college,64.8569,-147.8028,-15.95,80,100,1.9,US,1644893992
gitarama,-2.0744,29.7567,15.7,93,100,0.76,RW,1644894158
daru,-9.0763,143.2092,30.25,61,91,3.89,PG,1644894158
madisonville,37.3281,-87.4989,0.34,47,0,2.8,US,1644894158
kavieng,-2.5744,150.7967,28.85,74,94,2.48,PG,1644894159
tukrah,32.5341,20.5791,11.13,75,0,1.54,LY,1644894159
ojinaga,29.5667,-104.4167,14.12,21,0,3.09,MX,1644894160
pacifica,37.6138,-122.4869,12.23,84,75,10.29,US,1644894160
nanortalik,60.1432,-45.2371,-10.6,62,54,18.44,GL,1644894160
antigonish,45.6169,-61.9986,-6.64,92,100,3.58,CA,1644894157
peniche,39.3558,-9.3811,10.34,92,54,2.64,PT,1644894161
canutama,-6.5339,-64.3831,22.3,99,100,1.39,BR,1644894161
kenora,49.8167,-94.4337,-21.01,92,40,1.03,CA,1644894162
jinchang,38.4953,102.1739,-1.13,39,5,1.2,CN,1644894162
antalaha,-14.9003,50.2788,24.15,87,100,2.81,MG,1644894162
kaina,12.6374,8.5873,19.04,14,5,3.72,NG,1644894163
oranjemund,-28.55,16.4333,19.28,90,3,1.46,NA,1644894163
dunda,-8.1167,34.25,17.4,96,100,0.66,TZ,1644894163
ushtobe,45.2514,77.9838,-2.34,79,100,8.75,KZ,1644894164
punta gorda,26.9298,-82.0454,13.32,56,0,3.6,US,1644894164
pevek,69.7008,170.3133,-29.24,98,100,1.93,RU,1644894167
sulangan,11.1373,123.7228,26.44,76,82,4.5,PH,1644894167
jiuquan,39.7432,98.5174,-0.63,36,28,1.87,CN,1644894168
correntina,-13.3433,-44.6367,20.58,92,11,0.7,BR,1644894168
cherskiy,68.75,161.3,-31.1,99,100,2.05,RU,1644894169
fortuna,40.5982,-124.1573,8.99,92,100,6.17,US,1644894169
port hedland,-20.3167,118.5667,38.03,28,51,6.69,AU,1644894169
amahai,-3.3333,128.9167,29.01,67,98,1.49,ID,1644894170
camabatela,-8.1881,15.375,15.18,98,100,1.17,AO,1644894170
xining,36.6167,101.7667,-6.61,52,0,0.87,CN,1644894170
biltine,14.5333,20.9167,21.89,12,10,5.16,TD,1644894171
airai,-8.9266,125.4092,23.55,54,5,1.57,TL,1644894171
san quintin,30.4833,-115.95,15.31,82,0,3.14,MX,1644894172
biak,-0.9131,122.8766,27.72,72,80,1.36,ID,1644894172
gat,31.61,34.7642,12.44,100,4,2.05,IL,1644894172
kirksville,40.1948,-92.5833,-1.6,74,0,2.57,US,1644894173
haringhata,22.95,88.5667,21.66,39,2,2.51,IN,1644894173
boyolangu,-8.1181,111.8935,26.33,82,98,2.19,ID,1644894173
george town,5.4112,100.3354,28.96,81,20,1.54,MY,1644894174
talnakh,69.4865,88.3972,-25.41,85,26,3.0,RU,1644894174
mount isa,-20.7333,139.5,31.87,31,40,5.66,AU,1644894175
guymon,36.6828,-101.4816,9.0,31,0,3.09,US,1644894175
puerto suarez,-18.95,-57.8,25.65,73,64,1.35,BO,1644894175
kodiak,57.79,-152.4072,6.73,70,0,1.54,US,1644894176
conde,-7.2597,-34.9075,25.18,74,3,3.64,BR,1644894136
palmer,42.1584,-72.3287,-9.45,44,7,0.89,US,1644893939
kahului,20.8947,-156.47,25.01,63,40,5.66,US,1644894176
chapais,49.7834,-74.8492,-21.12,98,100,2.26,CA,1644894177
nuuk,64.1835,-51.7216,-14.66,61,75,3.6,GL,1644894030
san cristobal,7.7669,-72.225,19.36,88,100,0.56,VE,1644894177
brainerd,46.358,-94.2008,-14.12,96,100,1.13,US,1644894101
iqaluit,63.7506,-68.5145,-31.84,74,100,1.79,CA,1644894178
aurora,39.7294,-104.8319,7.76,51,75,3.13,US,1644894164
strelka,58.0728,93.0344,-18.79,89,100,5.0,RU,1644894178
sisimiut,66.9395,-53.6735,-19.39,86,100,4.38,GL,1644894179
hellvik,59.9156,5.781,4.44,93,100,2.82,NO,1644894179
anadyr,64.75,177.4833,-33.72,73,20,5.0,RU,1644894179
wabana,47.6332,-52.9481,-3.68,93,100,9.77,CA,1644894180
bone,51.9669,12.1396,7.43,79,100,4.18,DE,1644894180
hampton,37.0299,-76.3452,1.01,60,0,2.06,US,1644893926
sudova vyshnya,49.7889,23.3722,-1.21,80,20,4.62,UA,1644894180
port elizabeth,-33.918,25.5701,19.57,84,25,6.2,ZA,1644894134
miandoab,36.9694,46.1027,-1.33,71,4,1.45,IR,1644894181
askiz,53.1319,90.5264,-14.59,93,100,0.28,RU,1644894181
nagato,34.3833,131.2,9.0,61,98,8.49,JP,1644894181
pangkalanbuun,-2.6833,111.6167,32.31,55,88,0.88,ID,1644894182
puntarenas,9.9763,-84.8384,26.96,69,32,2.72,CR,1644894182
nantucket,41.2835,-70.0995,-6.62,47,0,6.69,US,1644894131
beloha,-25.1667,45.05,22.62,97,25,1.61,MG,1644894183
bereda,43.2686,-7.5406,4.67,100,96,1.46,ES,1644894183
muriwai beach,-36.8167,174.45,24.55,55,5,4.63,NZ,1644894183
yaan,7.3833,8.5667,24.48,36,97,2.54,NG,1644894184
tautira,-17.7333,-149.15,30.01,74,98,7.13,PF,1644894184
ossora,59.2353,163.0719,-19.07,83,81,2.22,RU,1644894184
itaituba,-4.2761,-55.9836,22.73,100,100,0.62,BR,1644894168
wentzville,38.8114,-90.8529,1.72,73,4,2.24,US,1644894185
thompson,55.7435,-97.8558,-32.3,100,11,1.49,CA,1644894185
lujan,-34.5703,-59.105,25.55,70,0,2.71,AR,1644894186
khatanga,71.9667,102.5,-35.42,100,47,0.54,RU,1644894186
phonhong,18.5007,102.4166,23.9,56,93,0.28,LA,1644894186
ughelli,5.4899,6.0074,24.59,92,5,1.08,NG,1644894187
nikolskoye,59.7035,30.7861,3.17,88,100,3.68,RU,1644894187
la libertad,-2.2333,-80.9,24.39,77,86,2.18,EC,1644894187
dhidhdhoo,6.8833,73.1,27.32,71,100,2.86,MV,1644894188
madang,-5.2246,145.7966,28.52,79,100,1.99,PG,1644894188
shumyachi,53.8583,32.4242,-7.54,92,11,3.54,RU,1644894189
sorkjosen,69.8,20.9333,-4.56,90,100,3.55,NO,1644894189
zhigalovo,54.8097,105.1578,-24.52,96,85,0.51,RU,1644894190
la ronge,55.1001,-105.2842,-19.08,97,100,2.54,CA,1644894190
altus,34.6381,-99.334,11.73,35,0,4.63,US,1644894191
usinsk,65.9939,57.5281,-11.01,91,99,9.35,RU,1644894191
tiarei,-17.5333,-149.3333,30.01,69,86,7.3,PF,1644894192
beringovskiy,63.05,179.3167,-26.19,92,99,6.74,RU,1644894192
borogontsy,62.6683,131.1683,-28.48,91,43,1.27,RU,1644894192
luderitz,-26.6481,15.1594,18.86,91,26,2.17,NA,1644894193
egvekinot,66.3167,-179.1667,-25.58,85,2,4.09,RU,1644894193
ancud,-41.8697,-73.8203,11.35,85,3,1.6,CL,1644894193
san jose,37.3394,-121.895,12.18,79,75,4.63,US,1644894159
jumla,29.2747,82.1838,4.38,49,0,1.22,NP,1644894194
tayu,-6.5397,111.0518,27.16,80,90,4.02,ID,1644894194
coihaique,-45.5752,-72.0662,13.97,77,100,2.06,CL,1644894194
harnosand,62.6323,17.9379,-3.99,93,100,8.99,SE,1644894194
solotcha,54.7917,39.8442,-5.32,76,100,1.79,RU,1644894195
qiqihar,47.3408,123.9672,-13.37,86,100,4.2,CN,1644894195
te anau,-45.4167,167.7167,23.67,34,17,2.56,NZ,1644894196
crossville,35.949,-85.0269,0.53,68,0,0.45,US,1644894137
vanimo,-2.6741,141.3028,26.34,87,100,3.11,PG,1644894196
port hardy,50.6996,-127.4199,8.2,87,71,8.3,CA,1644894157
doka,13.5167,35.7667,21.74,46,0,3.68,SD,1644894197
brigantine,39.4101,-74.3646,-2.78,61,5,5.5,US,1644893907
denpasar,-8.65,115.2167,28.81,83,40,2.57,ID,1644893966
flinders,-34.5833,150.8552,29.89,65,0,1.79,AU,1644894197
sobolevo,54.4299,31.8996,-8.15,92,12,4.01,RU,1644894198
san juan,-31.5375,-68.5364,26.97,25,1,3.62,AR,1644894036
komsomolskiy,40.4272,71.7189,2.4,80,75,2.06,UZ,1644894198
mao,39.8885,4.2658,9.31,87,75,2.06,ES,1644893914
pangnirtung,66.1451,-65.7125,-38.0,92,90,2.53,CA,1644894198
rio claro,-22.4114,-47.5614,21.87,81,76,1.65,BR,1644894199
ormara,25.2088,64.6357,20.46,37,3,3.83,PK,1644894130
codrington,-38.2667,141.9667,21.04,53,27,6.78,AU,1644894199
leningradskiy,69.3833,178.4167,-24.99,92,94,2.67,RU,1644894200
boden,65.8252,21.6886,-17.0,96,55,1.96,SE,1644894200
moussoro,13.6408,16.4901,21.0,13,40,5.73,TD,1644894200
saint-leu,-21.15,55.2833,26.48,80,38,0.58,RE,1644894201
agadir,30.4202,-9.5982,12.25,83,0,1.44,MA,1644894201
batagay,67.6333,134.6333,-30.99,95,31,0.26,RU,1644894201
pringsewu,-5.3582,104.9744,30.02,59,37,2.0,ID,1644894202
evensk,61.95,159.2333,-13.13,71,39,4.44,RU,1644894202
viedma,-40.8135,-62.9967,17.24,81,95,2.86,AR,1644894203
catamarca,-28.4696,-65.7852,20.88,56,0,3.44,AR,1644894069
petropavlovsk-kamchatskiy,53.0452,158.6483,-4.67,50,75,9.0,RU,1644894207
kendari,-3.945,122.4989,28.81,72,18,1.81,ID,1644894207
tsaratanana,-16.7833,47.65,21.6,93,65,2.46,MG,1644894207
margate,51.3813,1.3862,4.92,81,80,1.79,GB,1644893965
sinnamary,5.3833,-52.95,24.86,88,100,7.09,GF,1644894208
bazarnyye mataki,54.8833,49.9333,-7.35,96,100,2.68,RU,1644894209
lysva,58.1086,57.8053,-16.83,99,99,1.89,RU,1644894209
iwanai,42.9744,140.5089,0.21,75,92,2.27,JP,1644894209
salug,8.1147,122.7833,29.91,68,54,5.05,PH,1644894210
hargeysa,9.56,44.065,12.9,77,9,3.35,SO,1644894210
mednogorskiy,43.9178,41.1825,-2.27,76,88,1.79,RU,1644894211
lodwar,3.1191,35.5973,27.39,42,37,4.26,KE,1644894211
bar harbor,44.3876,-68.2039,-12.65,61,64,8.24,US,1644894004
nara,34.6851,135.8049,10.28,43,96,6.29,JP,1644894212
stornoway,58.2093,-6.3865,4.98,88,100,12.35,GB,1644894212
sibut,5.718,19.0739,22.27,23,100,0.38,CF,1644894212
eureka,40.8021,-124.1637,8.85,86,95,3.13,US,1644894213
placido de castro,-10.3353,-67.1856,22.56,99,100,0.76,BR,1644894213
suluova,40.8313,35.6479,0.92,93,75,0.0,TR,1644894213
victor harbor,-35.5667,138.6167,33.22,77,100,0.45,AU,1644894214
jinji,23.2281,110.8261,14.29,80,100,2.44,CN,1644894214
souillac,-20.5167,57.5167,27.42,87,10,4.18,MU,1644894215
mackay,-21.15,149.2,26.49,83,69,9.8,AU,1644894215
leh,34.1667,77.5833,-16.44,92,94,0.78,IN,1644894215
san juan del sur,11.2529,-85.8705,25.36,75,24,11.23,NI,1644894216
omama,36.4333,139.2833,4.69,78,100,1.47,JP,1644894216
lazaro cardenas,17.9583,-102.2,24.53,75,45,0.87,MX,1644894217
rudbar,30.15,62.6,5.32,69,0,2.39,AF,1644894217
calabar,4.9517,8.322,25.24,90,100,0.81,NG,1644894217
isangel,-19.55,169.2667,29.2,71,10,6.38,VU,1644894218
cherepovets,59.1333,37.9,-2.1,80,40,4.0,RU,1644894189
palauig,15.435,119.9045,28.93,67,74,3.49,PH,1644894218
oistins,13.0667,-59.5333,25.05,78,40,7.2,BB,1644894219
hirado,33.3597,129.5531,9.66,63,95,9.47,JP,1644894219
honningsvag,70.9821,25.9704,-2.26,64,100,16.04,NO,1644894152
zhigansk,66.7697,123.3711,-35.36,97,57,2.55,RU,1644894219
nadym,65.5333,72.5167,-28.08,100,100,1.37,RU,1644894220
pontypool,51.7011,-3.0444,6.31,89,77,3.6,GB,1644893932
nizwa,22.9333,57.5333,15.66,65,0,1.58,OM,1644894220
kanash,55.5086,47.4956,-5.23,94,100,3.77,RU,1644894221
burg,51.8333,14.15,6.14,78,100,4.76,DE,1644894221
fukue,32.6881,128.8419,7.79,63,97,10.16,JP,1644894222
lorengau,-2.0226,147.2712,29.15,71,99,1.78,PG,1644894077
havoysund,70.9963,24.6622,-1.51,55,100,13.56,NO,1644894222
mamallapuram,12.6264,80.1722,26.7,65,81,4.06,IN,1644894222
praia,14.9215,-23.5087,22.3,78,0,7.72,CV,1644894223
cayenne,4.9333,-52.3333,23.02,92,0,1.03,GF,1644894008
omsukchan,62.5333,155.8,-27.01,97,86,2.63,RU,1644894223
bucerias,20.75,-105.3333,23.32,83,0,1.03,MX,1644894181
edd,13.9297,41.6925,24.97,65,2,4.05,ER,1644894227
romilly-sur-seine,48.5108,3.7263,6.22,95,62,5.21,FR,1644894227
povolzhskiy,53.5854,49.7629,-10.21,96,100,2.39,RU,1644894228
mariel,22.9875,-82.7536,19.08,66,48,8.1,CU,1644894228
dudinka,69.4058,86.1778,-29.43,93,36,1.87,RU,1644894229
terrace,54.5163,-128.6035,3.01,96,91,0.11,CA,1644894052
akyab,20.15,92.9,21.21,43,42,2.03,MM,1644894229
kalabo,-14.97,22.6814,18.15,97,99,1.1,ZM,1644894229
muros,42.7762,-9.0603,9.02,95,39,2.26,ES,1644894230
bethanien,-26.502,17.1583,22.49,61,94,1.94,NA,1644894230
shitkino,56.3703,98.3543,-20.25,90,92,3.62,RU,1644894230
orebro,59.2741,15.2066,5.1,68,100,7.2,SE,1644894231
lagoa,39.05,-27.9833,15.56,86,68,7.1,PT,1644894231
bichura,50.5881,107.6022,-20.92,93,83,0.36,RU,1644894232
taltal,-25.4,-70.4833,19.65,81,9,1.2,CL,1644894232
aloleng,16.1307,119.7824,27.83,70,9,2.97,PH,1644894232
honiara,-9.4333,159.95,30.69,69,20,3.77,SB,1644894227
samana,19.2056,-69.3369,23.66,80,4,3.77,DO,1644894233
hambantota,6.1241,81.1185,25.19,88,20,3.6,LK,1644894233
morlaix,48.5833,-4.0,8.03,87,100,4.63,FR,1644894234
vila franca do campo,37.7167,-25.4333,13.44,82,100,2.27,PT,1644894234
goderich,43.7501,-81.7165,-9.49,75,100,5.98,CA,1644894108
ternate,0.8,127.4,28.55,70,76,1.18,ID,1644893918
carutapera,-1.195,-46.02,24.37,85,100,2.99,BR,1644894234
querendaro,19.8667,-100.9167,16.72,77,100,0.0,MX,1644894235
lampa,-33.2833,-70.9,20.91,72,0,5.66,CL,1644894235
lubango,-14.9172,13.4925,13.9,77,100,0.66,AO,1644894236
sitka,57.0531,-135.33,3.94,81,75,5.14,US,1644894236
tevaitoa,-16.7833,-151.5,26.97,76,99,7.89,PF,1644894237
namibe,-15.1961,12.1522,24.59,81,100,1.94,AO,1644894237
bud,39.447,-86.1758,-4.03,78,3,2.19,US,1644894237
akom,2.6678,12.7109,17.55,70,39,1.27,CM,1644894238
brae,60.3964,-1.353,0.95,62,35,3.18,GB,1644894238
qaqortoq,60.7167,-46.0333,-17.15,63,0,8.54,GL,1644894239
kamaishi,39.2667,141.8833,2.92,64,100,4.31,JP,1644894239
novikovo,51.1537,37.8879,-14.34,92,54,2.17,RU,1644894239
tocopilla,-22.092,-70.1979,21.31,74,28,1.95,CL,1644894113
fort saint james,54.4333,-124.25,-3.27,96,60,1.63,CA,1644894240
seybaplaya,19.65,-90.6667,19.63,67,70,4.12,MX,1644894240
general roca,-39.0333,-67.5833,25.22,27,0,5.46,AR,1644894240
lake havasu city,34.4839,-114.3224,22.0,5,0,4.63,US,1644894009
oktyabrskiy,54.4815,53.471,-7.38,94,100,3.72,RU,1644894241
caravelas,-17.7125,-39.2481,25.27,88,0,3.07,BR,1644894241
karpathos,35.507,27.2132,11.98,66,2,8.23,GR,1644894188
srinagar,34.0833,74.8167,5.74,56,95,0.64,IN,1644894242
lapa,-25.7697,-49.7158,19.71,98,37,2.68,BR,1644894242
banjar,-8.19,114.9675,28.92,82,83,0.24,ID,1644894243
nizhniy kuranakh,58.8353,125.4869,-21.57,93,97,0.79,RU,1644894243
marzuq,14.4,46.4667,12.18,47,15,0.8,YE,1644894243
grand forks,47.9417,-97.4337,-18.04,84,0,2.57,US,1644894244
gillette,44.2911,-105.5022,4.58,55,0,2.57,US,1644894244
burnie,-41.0667,145.9167,22.75,70,61,4.13,AU,1644894245
shenjiamen,29.9576,122.298,8.43,66,16,4.37,CN,1644894245
urdoma,61.7533,48.5442,-5.55,95,100,3.34,RU,1644894245
sechura,-5.5569,-80.8222,23.41,69,42,5.04,PE,1644894246
novyy urengoy,66.0833,76.6333,-23.41,99,97,3.42,RU,1644894246
puerto varas,-41.3195,-72.9854,11.12,93,0,1.54,CL,1644894246
san julian,21.0167,-102.1667,15.21,45,66,2.2,MX,1644894247
ofunato,39.0717,141.7167,2.97,67,100,4.13,JP,1644894247
hirara,24.8,125.2833,19.25,56,93,6.58,JP,1644894248
maldonado,-34.6667,-54.9167,17.35,58,0,1.51,UY,1644894026
saint george,37.1041,-113.5841,15.3,21,0,2.57,US,1644894157
tongren,27.7172,109.1853,10.02,68,37,1.68,CN,1644894248
chingirlau,51.095,54.0814,-9.09,96,98,4.36,KZ,1644894249
kalna,23.2167,88.3667,21.64,39,0,2.01,IN,1644893809
oktyabrskoye,43.0645,44.7417,-0.92,86,100,0.0,RU,1644894249
scottsboro,34.6723,-86.0341,6.15,75,100,0.0,US,1644894250
aanekoski,62.6946,25.818,-0.74,100,100,3.5,FI,1644894250
newport,51.5877,-2.9984,7.3,87,70,5.01,GB,1644894250
vestmannaeyjar,63.4427,-20.2734,4.08,87,100,7.87,IS,1644894251
hamilton,39.1834,-84.5333,-3.46,74,5,0.45,US,1644894033
la asuncion,11.0333,-63.8628,24.09,81,9,5.34,VE,1644894251
songea,-10.6833,35.65,17.04,97,100,1.34,TZ,1644894136
vostok,46.4856,135.8833,-6.95,75,100,1.66,RU,1644894252
bahadurgarh,28.6833,76.9167,14.06,60,0,1.48,IN,1644894252
adelaide,-34.9333,138.6,32.99,42,0,5.66,AU,1644894252
broome,42.2506,-75.833,-11.88,71,0,2.57,US,1644894253
vao,-22.6667,167.4833,25.99,84,70,10.54,NC,1644894253
shelburne,44.0787,-80.2041,-14.02,75,100,3.06,CA,1644894254
urucui,-7.2294,-44.5561,23.6,91,99,0.17,BR,1644894254
sao filipe,14.8961,-24.4956,22.64,70,100,2.98,CV,1644894254
vyazemskiy,47.5378,134.7525,-8.03,87,100,3.67,RU,1644894255
hokitika,-42.7167,170.9667,18.93,67,96,3.67,NZ,1644894255
kabo,7.6994,18.629,22.36,16,67,1.64,CF,1644894256
ust-omchug,61.15,149.6333,-22.96,89,100,2.82,RU,1644894256
rio grande,-32.035,-52.0986,18.06,72,0,1.47,BR,1644894256
yamada,39.4667,141.95,2.97,61,100,4.92,JP,1644894257
tabas,33.5959,56.9244,7.42,49,0,0.33,IR,1644894131
svetlogorsk,52.6333,29.7333,-3.51,83,5,4.3,BY,1644894257
manggar,-2.8833,108.2667,29.8,65,25,4.25,ID,1644894257
rio gallegos,-51.6226,-69.2181,12.03,50,0,6.17,AR,1644894258
kampot,10.6167,104.1833,30.03,68,84,3.35,KH,1644894258
tarragona,41.129,1.249,9.91,65,0,10.29,ES,1644894258
ous,60.9058,61.5186,-25.32,100,100,1.44,RU,1644894259
quelimane,-17.8786,36.8883,23.27,96,42,1.67,MZ,1644894259
gawler,-34.6,138.7333,34.9,45,98,3.99,AU,1644894259
havre-saint-pierre,50.2334,-63.5986,-16.56,74,100,4.1,CA,1644894260
novoagansk,61.9449,76.6625,-20.83,100,94,2.25,RU,1644894260
hamada,34.8833,132.0833,5.26,76,100,8.95,JP,1644894260
fairbanks,64.8378,-147.7164,-15.94,78,20,4.12,US,1644894261
bubaque,11.2833,-15.8333,25.36,66,1,3.91,GW,1644894261
saint-pierre,-21.3393,55.4781,26.82,74,100,2.57,RE,1644894261
binghamton,42.0987,-75.918,-11.13,74,0,2.57,US,1644894262
coquimbo,-29.9533,-71.3436,18.48,81,7,2.08,CL,1644894135
shubarkuduk,49.1447,56.4872,-9.8,96,100,2.15,KZ,1644894262
tahta,26.7693,31.5021,10.41,76,0,4.54,EG,1644894263
cabedelo,-6.9811,-34.8339,26.48,72,4,4.85,BR,1644894084
awjilah,29.1081,21.2869,11.17,55,0,2.04,LY,1644894263
todos santos,23.45,-110.2167,23.89,88,0,1.74,MX,1644894263
redlands,34.0556,-117.1825,19.76,40,79,0.88,US,1644894264
bilibino,68.0546,166.4372,-29.98,98,42,0.56,RU,1644894264
petauke,-14.2426,31.3253,17.89,99,100,0.93,ZM,1644894265
lompoc,34.6391,-120.4579,13.54,86,100,4.63,US,1644894265
narkevychi,49.5172,26.6418,-1.63,68,28,4.62,UA,1644894265
mitchell,43.7094,-98.0298,-4.59,59,0,4.12,US,1644894266
dingle,10.9995,122.6711,29.67,59,64,5.34,PH,1644894266
ayagoz,47.9714,80.4392,-8.78,92,100,10.15,KZ,1644894266
pennagaram,12.1333,77.9,21.92,70,68,1.28,IN,1644894267
kuah,6.3265,99.8432,26.48,79,93,3.5,MY,1644894267
sapa,5.1544,120.3241,27.74,77,89,4.1,PH,1644894267
riyadh,24.6877,46.7219,9.08,22,0,1.56,SA,1644893853
nome,64.5011,-165.4064,-14.96,56,0,11.32,US,1644894268
hasaki,35.7333,140.8333,10.22,54,97,7.07,JP,1644894268
gigmoto,13.7796,124.39,27.6,63,38,3.37,PH,1644894268
chabahar,25.2919,60.643,20.5,44,2,3.22,IR,1644894269
laguna,38.421,-121.4238,15.06,78,0,7.2,US,1644894269
ayaviri,-14.8864,-70.5889,7.26,86,94,0.34,PE,1644894270
sume,-7.6717,-36.88,22.55,79,47,5.36,BR,1644894270
opuwo,-18.0607,13.84,19.08,90,100,1.07,NA,1644894270
bandarbeyla,9.4942,50.8122,23.08,73,30,6.22,SO,1644894271
kokoda,-8.8785,147.7407,28.72,79,98,2.06,PG,1644894271
sao sebastiao,-23.76,-45.4097,23.77,94,51,1.76,BR,1644894272
tazovskiy,67.4667,78.7,-26.88,99,85,5.01,RU,1644894272
macusani,-14.0833,-70.4333,2.39,90,89,2.06,PE,1644894273
jiazi,22.8779,116.067,16.45,67,66,5.8,CN,1644894273
wodonga,-36.1167,146.8833,36.17,59,4,2.06,AU,1644894234
teguise,29.0605,-13.564,15.12,67,75,4.12,ES,1644894273
rolla,37.9514,-91.7713,1.68,66,0,2.03,US,1644893902
kutum,14.2,24.6667,14.33,15,0,3.19,SD,1644894274
portland,45.5234,-122.6762,7.53,87,75,0.89,US,1644894074
gazanjyk,39.2446,55.5154,1.42,55,100,6.82,TM,1644894274
juli,-16.2167,-69.45,6.22,82,72,1.92,PE,1644894275
yulara,-25.2406,130.9889,35.91,28,40,4.12,AU,1644894275
kjollefjord,70.9457,27.3465,-2.1,59,20,14.92,NO,1644894275
leshukonskoye,64.8989,45.7622,-1.74,97,100,2.25,RU,1644894276
vinh,18.6667,105.6667,17.32,79,100,2.01,VN,1644894276
keti bandar,24.1447,67.4497,20.61,71,0,3.08,PK,1644894277
ban chang,12.7254,101.0553,30.92,82,40,2.06,TH,1644894277
katsuura,35.1333,140.3,8.01,63,89,6.61,JP,1644894277
macae,-22.3708,-41.7869,23.26,97,83,2.57,BR,1644894278
batticaloa,7.7102,81.6924,25.58,69,84,2.27,LK,1644894278
ust-kuyga,70.0167,135.6,-32.77,99,94,2.24,RU,1644894279
mwense,-10.3845,28.698,18.23,97,100,0.43,ZM,1644894279
madarounfa,13.3087,7.156,20.04,13,4,4.36,NE,1644894279
pemangkat,1.1667,108.9667,26.75,82,100,2.25,ID,1644894280
lavrentiya,65.5833,-171.0,-25.74,93,48,3.64,RU,1644894280
joacaba,-27.1781,-51.5047,15.28,46,0,0.8,BR,1644894281
oyama,36.3,139.8,9.34,63,99,0.51,JP,1644894281
ati,13.2154,18.3353,21.2,14,2,4.89,TD,1644894281
indian head,38.6001,-77.1622,-2.64,49,0,2.57,US,1644894282
hirekerur,14.4667,75.3833,22.52,43,2,2.72,IN,1644894282
lethbridge,49.7,-112.8186,0.06,74,100,3.09,CA,1644894283
urumqi,43.801,87.6005,-12.47,92,100,2.0,CN,1644894283
sebina,-20.8667,27.25,19.33,67,0,6.78,BW,1644894283
pakdasht,35.4752,51.6807,6.0,51,5,0.56,IR,1644894284
tierranueva,21.6833,-100.5667,9.61,62,13,2.14,MX,1644894284
duncan,34.5023,-97.9578,14.65,27,0,6.17,US,1644894284
mabaruma,8.2,-59.7833,21.17,98,66,1.0,GY,1644894285
caxito,-8.5785,13.6643,22.7,92,85,1.14,AO,1644894285
the valley,18.217,-63.0578,25.05,74,6,7.69,AI,1644894285
gubkinskiy,64.434,76.5026,-18.39,98,100,3.19,RU,1644894286
sri aman,1.2376,111.4621,24.09,97,100,0.46,MY,1644894286
roald,62.5833,6.1333,2.41,80,100,11.32,NO,1644894076
tres picos,15.8667,-93.5333,20.51,69,9,4.8,MX,1644894286
puerto madryn,-42.7692,-65.0385,18.65,62,3,4.63,AR,1644894078
haines junction,60.7522,-137.5108,-9.05,97,100,0.15,CA,1644894287
cockburn town,21.4612,-71.1419,25.3,79,0,5.22,TC,1644894034
puerto leguizamo,-0.1934,-74.7819,22.41,96,89,1.15,CO,1644894287
kayseri,38.737,35.4968,-0.99,80,75,0.0,TR,1644894018
acajutla,13.5928,-89.8275,25.05,54,53,9.16,SV,1644894288
pimentel,-6.8367,-79.9342,22.11,80,12,6.22,PE,1644894288
hofn,64.2539,-15.2082,3.21,78,100,15.55,IS,1644894288
shingu,33.7333,135.9833,11.06,58,77,3.36,JP,1644894009
port hawkesbury,45.6169,-61.3485,-6.34,90,100,5.66,CA,1644894289
naze,28.3667,129.4833,15.52,56,43,4.7,JP,1644894289
merauke,-8.4667,140.3333,31.12,58,37,2.7,ID,1644894289
reading,51.4562,-0.9711,4.03,72,6,1.79,GB,1644894290
tual,-5.6667,132.75,28.01,72,26,1.85,ID,1644894290
suwalki,54.1118,22.9309,-0.91,90,0,4.64,PL,1644894290
melbu,68.5044,14.8297,-3.2,67,14,1.38,NO,1644894291
quirinopolis,-18.4483,-50.4517,21.66,90,6,1.63,BR,1644894291
yatou,37.15,122.3833,-1.87,43,89,6.86,CN,1644894292
jhanjharpur,26.2667,86.2833,17.53,54,0,2.28,IN,1644894292
broken hill,-31.95,141.4333,34.93,17,22,2.77,AU,1644894292
